{
    "name": "trigger0",
    "type": "DATABASE",
    "disabled": false,
    "config": {
        "collection": "coll1",
        "database": "db1",
        "full_document": true,
        "full_document_before_change": false,
        "match": {},
        "maximum_throughput": false,
        "operation_types": [
            "INSERT",
            "UPDATE",
            "DELETE",
            "REPLACE"
        ],
        "project": {},
        "service_name": "mongodb-atlas",
        "skip_catchup_events": false,
        "tolerate_resume_errors": true,
        "unordered": false
    },
    "event_processors": {
        "FUNCTION": {
            "config": {
                "function_name": "updateCollectionView"
            }
        }
    }
}
